"member_casual","start_station_name","month_name","day_of_week","popularrides"
casual,Michigan Ave & Lake St,December,1,23
casual,Michigan Ave & Lake St,December,7,19
casual,Dusable Harbor,December,7,18
casual,Dusable Harbor,December,1,14
casual,Dusable Harbor,December,4,13
casual,Broadway & Barry Ave,December,4,13
casual,Clark St & Grace St,December,1,13
casual,Broadway & Barry Ave,December,1,12
casual,Michigan Ave & Lake St,December,5,11
casual,Streeter Dr & Grand Ave,July,7,29
casual,Lake Shore Dr & Monroe St,July,1,23
casual,Streeter Dr & Grand Ave,July,6,23
casual,Streeter Dr & Grand Ave,July,1,21
casual,Streeter Dr & Grand Ave,July,4,18
casual,Lake Shore Dr & Monroe St,July,7,18
casual,Millennium Park,July,1,17
casual,Streeter Dr & Grand Ave,July,5,16
casual,Theater on the Lake,July,1,16
casual,Lake Shore Dr & Monroe St,July,6,15
casual,Streeter Dr & Grand Ave,July,2,15
casual,Millennium Park,July,6,15
casual,Millennium Park,July,7,14
casual,Michigan Ave & 8th St,July,1,13
casual,Clark St & Elm St,July,5,13
casual,Buckingham Fountain,July,6,13
casual,Michigan Ave & Oak St,July,6,13
casual,Michigan Ave & Lake St,July,6,13
casual,Lake Shore Dr & Diversey Pkwy,July,7,13
casual,Shedd Aquarium,July,7,13
casual,Rush St & Cedar St,July,7,13
casual,Lake Shore Dr & North Blvd,July,1,13
casual,Michigan Ave & Lake St,July,7,12
casual,Lake Shore Dr & North Blvd,July,6,12
casual,Michigan Ave & Washington St,July,7,12
casual,Wabash Ave & Roosevelt Rd,July,7,12
casual,Shedd Aquarium,July,1,11
casual,Dearborn St & Erie St,July,2,11
casual,McClurg Ct & Illinois St,July,7,11
casual,Lake Shore Dr & Ohio St,July,1,11
casual,Streeter Dr & Grand Ave,June,7,20
casual,Streeter Dr & Grand Ave,June,1,17
casual,Millennium Park,June,7,16
casual,Lake Shore Dr & North Blvd,June,1,15
casual,Millennium Park,June,1,12
casual,Wells St & Elm St,June,1,12
casual,Columbus Dr & Randolph St,June,1,12
casual,Streeter Dr & Grand Ave,June,3,12
casual,Lake Shore Dr & Diversey Pkwy,June,7,11
casual,Fairbanks Ct & Grand Ave,June,1,11
casual,Buckingham Fountain,June,1,11
casual,Indiana Ave & Roosevelt Rd,June,3,11
casual,Broadway & Cornelia Ave,June,4,11
casual,Lake Shore Dr & Monroe St,November,7,43
casual,Lake Shore Dr & Monroe St,November,1,40
casual,Millennium Park,November,1,36
casual,Clark St & Elm St,November,6,33
casual,Michigan Ave & Oak St,November,7,31
casual,Michigan Ave & Oak St,November,1,30
casual,Millennium Park,November,7,29
casual,Indiana Ave & Roosevelt Rd,November,7,29
casual,Clark St & Armitage Ave,November,1,28
casual,Larrabee St & Webster Ave,November,7,28
casual,Lake Shore Dr & Wellington Ave,November,7,27
casual,Streeter Dr & Grand Ave,November,7,26
casual,Lake Shore Dr & North Blvd,November,1,26
casual,Wells St & Concord Ln,November,7,24
casual,Wells St & Elm St,November,5,24
casual,Wilton Ave & Belmont Ave,November,6,24
casual,Theater on the Lake,November,7,24
casual,Theater on the Lake,November,1,23
casual,Shedd Aquarium,November,7,23
casual,Lake Shore Dr & North Blvd,November,7,23
casual,Wilton Ave & Belmont Ave,November,7,23
casual,Clark St & Lincoln Ave,November,7,22
casual,Wells St & Concord Ln,November,1,22
casual,Clark St & Elm St,November,7,22
casual,Southport Ave & Waveland Ave,November,7,21
casual,Indiana Ave & Roosevelt Rd,November,1,21
casual,Damen Ave & Pierce Ave,November,7,21
casual,Millennium Park,November,5,21
casual,Wabash Ave & Grand Ave,November,6,21
casual,Wells St & Huron St,November,7,21
casual,Millennium Park,November,6,21
casual,Green St & Madison St,November,7,20
casual,Dearborn St & Erie St,November,3,20
casual,Lake Shore Dr & Belmont Ave,November,7,20
casual,Clark St & Lincoln Ave,November,6,20
casual,Wells St & Elm St,November,7,20
casual,Dearborn St & Erie St,November,7,19
casual,Dearborn Pkwy & Delaware Pl,November,7,19
casual,Dearborn St & Erie St,November,5,19
casual,Lake Shore Dr & Monroe St,November,5,19
casual,Lake Shore Dr & North Blvd,November,6,19
casual,Larrabee St & Webster Ave,November,1,19
casual,Clark St & Elm St,November,3,19
casual,Wood St & Milwaukee Ave,November,7,18
casual,Clark St & Elm St,November,1,18
casual,Wells St & Evergreen Ave,November,7,18
casual,Streeter Dr & Grand Ave,November,1,18
casual,Millennium Park,November,2,18
casual,LaSalle St & Illinois St,November,7,18
casual,Wells St & Huron St,November,6,18
casual,Ashland Ave & Division St,November,7,18
casual,Shedd Aquarium,November,1,18
casual,Clark St & Wrightwood Ave,November,1,18
casual,Lake Shore Dr & Diversey Pkwy,November,1,17
casual,Desplaines St & Kinzie St,November,4,17
casual,New St & Illinois St,November,1,17
casual,Clark St & Armitage Ave,November,6,17
casual,Morgan St & Lake St,November,7,17
casual,Lakeview Ave & Fullerton Pkwy,November,7,17
casual,Clark St & Wrightwood Ave,November,7,17
casual,Clark St & Armitage Ave,November,7,17
casual,Stockton Dr & Wrightwood Ave,November,7,17
casual,New St & Illinois St,November,7,17
casual,Lake Shore Dr & Monroe St,November,2,17
casual,Southport Ave & Wrightwood Ave,November,7,17
casual,Broadway & Cornelia Ave,November,1,17
casual,Streeter Dr & Grand Ave,November,6,17
casual,Sheridan Rd & Montrose Ave,November,6,17
casual,Wells St & Evergreen Ave,November,4,16
casual,Damen Ave & Pierce Ave,November,6,16
casual,Kedzie Ave & Milwaukee Ave,November,7,16
casual,Sedgwick St & Webster Ave,November,7,16
casual,Dearborn St & Erie St,November,1,16
casual,Southport Ave & Roscoe St,November,1,16
casual,Clark St & Grace St,November,6,16
casual,Dusable Harbor,November,7,16
casual,Michigan Ave & Oak St,November,6,16
casual,Clark St & Drummond Pl,November,7,16
casual,Rush St & Cedar St,November,2,16
casual,Lincoln Ave & Fullerton Ave,November,7,16
casual,Dearborn Pkwy & Delaware Pl,November,1,15
casual,Stockton Dr & Wrightwood Ave,November,1,15
casual,Desplaines St & Kinzie St,November,1,15
casual,Green St & Randolph St,November,7,15
casual,Wabash Ave & Roosevelt Rd,November,7,15
casual,Sheffield Ave & Webster Ave,November,7,15
casual,Southport Ave & Waveland Ave,November,5,15
casual,Rush St & Superior St,November,3,15
casual,Wabash Ave & Grand Ave,November,5,15
casual,Kingsbury St & Kinzie St,November,5,15
casual,Rush St & Cedar St,November,6,15
casual,Clark St & Elm St,November,5,15
casual,Desplaines St & Kinzie St,November,6,15
casual,Southport Ave & Roscoe St,November,7,15
casual,Columbus Dr & Randolph St,November,7,15
casual,Clark St & Wrightwood Ave,November,6,15
casual,Wabash Ave & Grand Ave,November,7,15
casual,Broadway & Sheridan Rd,November,7,15
casual,Clark St & Elm St,November,4,15
casual,Wilton Ave & Belmont Ave,November,1,15
casual,Daley Center Plaza,November,6,15
casual,Wells St & Elm St,November,1,15
casual,State St & Kinzie St,November,7,15
casual,Clark St & Winnemac Ave,November,7,15
casual,Clark St & Randolph St,November,7,14
casual,Fairbanks Ct & Grand Ave,November,1,14
casual,Michigan Ave & 8th St,November,1,14
casual,Broadway & Barry Ave,November,1,14
casual,Wells St & Evergreen Ave,November,1,14
casual,Wells St & Huron St,November,1,14
casual,Wabash Ave & Grand Ave,November,1,14
casual,Wells St & Hubbard St,November,2,14
casual,Wabash Ave & Grand Ave,November,2,14
casual,Kingsbury St & Kinzie St,November,2,14
casual,Michigan Ave & Oak St,November,2,14
casual,Michigan Ave & Lake St,November,3,14
casual,Indiana Ave & Roosevelt Rd,November,3,14
casual,Wells St & Concord Ln,November,4,14
casual,Michigan Ave & Lake St,November,4,14
casual,Clinton St & Madison St,November,5,14
casual,Wells St & Hubbard St,November,5,14
casual,Wells St & Evergreen Ave,November,5,14
casual,Clark St & Armitage Ave,November,5,14
casual,Michigan Ave & Washington St,November,6,14
casual,Lake Shore Dr & Ohio St,November,6,14
casual,Michigan Ave & 8th St,November,6,14
casual,St. Clair St & Erie St,November,7,14
casual,Ritchie Ct & Banks St,November,7,14
casual,Broadway & Cornelia Ave,November,7,14
casual,Michigan Ave & Lake St,November,7,14
casual,Clark St & Wellington Ave,November,7,14
casual,Desplaines St & Kinzie St,November,7,14
casual,Michigan Ave & Lake St,November,6,13
casual,Halsted St & Dickens Ave,November,7,13
casual,Wabash Ave & Roosevelt Rd,November,1,13
casual,Wells St & Evergreen Ave,November,6,13
casual,Clark St & Wrightwood Ave,November,2,13
casual,Wells St & Huron St,November,3,13
casual,Michigan Ave & Lake St,November,5,13
casual,Wilton Ave & Belmont Ave,November,3,13
casual,Broadway & Barry Ave,November,6,13
casual,Streeter Dr & Grand Ave,November,4,13
casual,Wabash Ave & Grand Ave,November,3,13
casual,Wilton Ave & Diversey Pkwy,November,6,13
casual,Lake Shore Dr & Monroe St,November,6,13
casual,Wells St & Elm St,November,6,13
casual,Wells St & Elm St,November,4,13
casual,Dusable Harbor,November,1,13
casual,Dearborn St & Erie St,November,4,13
casual,Michigan Ave & Washington St,November,7,13
casual,Wood St & Milwaukee Ave,November,6,13
casual,Wells St & Hubbard St,November,1,13
casual,Lake Shore Dr & Diversey Pkwy,November,7,13
casual,Morgan St & Lake St,November,6,13
casual,Milwaukee Ave & Grand Ave,November,5,13
casual,Southport Ave & Wellington Ave,November,7,13
casual,LaSalle St & Illinois St,November,6,12
casual,Michigan Ave & Washington St,November,5,12
casual,Clark St & Wrightwood Ave,November,5,12
casual,Ashland Ave & Division St,November,6,12
casual,Indiana Ave & Roosevelt Rd,November,6,12
casual,Sheffield Ave & Wellington Ave,November,6,12
casual,Lakeview Ave & Fullerton Pkwy,November,1,12
casual,Clark St & Lincoln Ave,November,4,12
casual,Lake Shore Dr & North Blvd,November,4,12
casual,Damen Ave & Pierce Ave,November,4,12
casual,Clinton St & Madison St,November,6,12
casual,Sheffield Ave & Kingsbury St,November,6,12
casual,Clark St & Wrightwood Ave,November,3,12
casual,Federal St & Polk St,November,6,12
casual,Halsted St & Wrightwood Ave,November,1,12
casual,Halsted St & Clybourn Ave,November,3,12
casual,Clark St & Berwyn Ave,November,6,12
casual,Burling St & Diversey Pkwy,November,7,12
casual,Wells St & Hubbard St,November,7,12
casual,Michigan Ave & Madison St,November,7,12
casual,Michigan Ave & Washington St,November,3,12
casual,Wabash Ave & Roosevelt Rd,November,2,12
casual,Desplaines St & Kinzie St,November,2,12
casual,Pine Grove Ave & Irving Park Rd,November,7,12
casual,Clark St & Elm St,November,2,12
casual,Indiana Ave & Roosevelt Rd,November,2,12
casual,Larrabee St & Webster Ave,November,2,12
casual,Peoria St & Jackson Blvd,November,7,12
casual,Streeter Dr & Grand Ave,November,2,12
casual,Wilton Ave & Belmont Ave,November,2,12
casual,Michigan Ave & 14th St,November,7,12
casual,Damen Ave & Cortland St,November,7,12
casual,Michigan Ave & Lake St,November,1,12
casual,State St & Kinzie St,November,1,12
casual,Sheffield Ave & Wellington Ave,November,1,12
casual,State St & Randolph St,November,1,12
casual,Federal St & Polk St,November,1,12
casual,Lakeview Ave & Fullerton Pkwy,November,5,12
casual,Michigan Ave & Oak St,November,5,12
casual,Fairbanks Ct & Grand Ave,November,5,12
casual,Broadway & Waveland Ave,November,1,12
casual,Morgan St & Lake St,November,1,11
casual,Daley Center Plaza,November,2,11
casual,Michigan Ave & 8th St,November,5,11
casual,Desplaines St & Randolph St,November,7,11
casual,Wabash Ave & Grand Ave,November,4,11
casual,Clark St & Armitage Ave,November,2,11
casual,Calumet Ave & 18th St,November,7,11
casual,Pine Grove Ave & Waveland Ave,November,7,11
casual,Desplaines St & Kinzie St,November,5,11
casual,Ravenswood Ave & Lawrence Ave,November,4,11
casual,Michigan Ave & Lake St,November,2,11
casual,Cityfront Plaza Dr & Pioneer Ct,November,7,11
casual,Clark St & Lincoln Ave,November,2,11
casual,Milwaukee Ave & Grand Ave,November,7,11
casual,Broadway & Waveland Ave,November,7,11
casual,Lincoln Ave & Fullerton Ave,November,5,11
casual,Wells St & Huron St,November,5,11
casual,Sheffield Ave & Fullerton Ave,November,6,11
casual,State St & Kinzie St,November,2,11
casual,Wilton Ave & Diversey Pkwy,November,1,11
casual,Halsted St & Clybourn Ave,November,1,11
casual,Larrabee St & Division St,November,1,11
casual,Clark St & Drummond Pl,November,1,11
casual,Lincoln Park Conservatory,November,6,11
casual,Wells St & Concord Ln,November,5,11
casual,Aberdeen St & Jackson Blvd,November,1,11
casual,Damen Ave & Cortland St,November,6,11
casual,McClurg Ct & Erie St,November,2,11
casual,Sedgwick St & North Ave,November,6,11
casual,Kedzie Ave & Milwaukee Ave,November,6,11
casual,Clifton Ave & Armitage Ave,November,7,11
casual,Lake Shore Dr & Belmont Ave,November,1,11
casual,Clinton St & Roosevelt Rd,November,6,11
casual,Green St & Randolph St,November,1,11
casual,Kingsbury St & Kinzie St,November,6,11
casual,Burling St & Diversey Pkwy,November,6,11
casual,Clark St & North Ave,November,3,11
casual,Broadway & Barry Ave,November,4,11
casual,Michigan Ave & Oak St,November,3,11
casual,Clark St & Lincoln Ave,November,1,11
casual,Dearborn Pkwy & Delaware Pl,November,4,11
casual,Clinton St & Madison St,November,3,11
casual,Columbus Dr & Randolph St,November,3,11
casual,Clark St & Drummond Pl,November,6,11
casual,Lakefront Trail & Bryn Mawr Ave,November,7,11
casual,Paulina St & Flournoy St,November,3,11
casual,Lake Shore Dr & Ohio St,November,7,11
casual,Lake Shore Dr & Ohio St,November,5,11
casual,New St & Illinois St,November,2,11
casual,Clark St & Randolph St,November,2,11
casual,Morgan St & Lake St,November,2,11
casual,Halsted St & Wrightwood Ave,November,7,11
casual,Milwaukee Ave & Grand Ave,November,4,11
casual,Theater on the Lake,November,2,11
casual,Kedzie Ave & Milwaukee Ave,November,1,11
casual,Millennium Park,October,7,18
casual,Clark St & Elm St,October,7,17
casual,Lake Shore Dr & North Blvd,October,7,16
casual,Michigan Ave & Oak St,October,7,16
casual,Lake Shore Dr & Monroe St,October,7,16
casual,Streeter Dr & Grand Ave,October,7,14
casual,Wabash Ave & Grand Ave,October,7,13
casual,Desplaines St & Kinzie St,October,5,12
casual,Wells St & Concord Ln,October,7,12
casual,Wabash Ave & Grand Ave,October,6,12
casual,Wells St & Evergreen Ave,October,7,12
casual,Wells St & Evergreen Ave,October,6,11
casual,Columbus Dr & Randolph St,October,6,11
casual,Wells St & Elm St,October,6,11
casual,Clark St & Armitage Ave,October,7,11
casual,Theater on the Lake,October,7,11
casual,Stockton Dr & Wrightwood Ave,October,7,11
casual,Wells St & Elm St,October,7,11
casual,Dearborn St & Erie St,October,7,11
casual,Fairbanks Ct & Grand Ave,October,7,11
casual,Michigan Ave & Oak St,September,1,55
casual,Michigan Ave & Oak St,September,7,40
casual,Clark St & Elm St,September,7,39
casual,Lake Shore Dr & Monroe St,September,1,39
casual,Millennium Park,September,7,39
casual,Lake Shore Dr & North Blvd,September,7,34
casual,Indiana Ave & Roosevelt Rd,September,2,34
casual,Streeter Dr & Grand Ave,September,1,34
casual,Streeter Dr & Grand Ave,September,7,34
casual,Theater on the Lake,September,7,33
casual,Columbus Dr & Randolph St,September,4,33
casual,McClurg Ct & Illinois St,September,7,33
casual,Broadway & Barry Ave,September,7,31
casual,Clark St & Elm St,September,4,31
casual,Lake Shore Dr & Monroe St,September,7,30
casual,Millennium Park,September,1,30
casual,Clark St & Elm St,September,6,29
casual,Theater on the Lake,September,1,29
casual,Dearborn St & Erie St,September,6,29
casual,Wells St & Concord Ln,September,6,29
casual,Lake Shore Dr & North Blvd,September,1,29
casual,Michigan Ave & Lake St,September,7,28
casual,Clark St & Armitage Ave,September,7,28
casual,Lake Shore Dr & Belmont Ave,September,1,28
casual,Lakeview Ave & Fullerton Pkwy,September,7,28
casual,Shedd Aquarium,September,1,28
casual,Michigan Ave & Lake St,September,1,27
casual,Wells St & Concord Ln,September,4,27
casual,Columbus Dr & Randolph St,September,6,27
casual,Wells St & Elm St,September,7,26
casual,Lake Shore Dr & North Blvd,September,6,26
casual,Indiana Ave & Roosevelt Rd,September,7,26
casual,Green St & Randolph St,September,1,26
casual,Wilton Ave & Belmont Ave,September,7,25
casual,Shedd Aquarium,September,7,25
casual,Clark St & Armitage Ave,September,4,25
casual,Wells St & Elm St,September,4,24
casual,McClurg Ct & Illinois St,September,2,24
casual,Lakefront Trail & Bryn Mawr Ave,September,1,24
casual,Wells St & Elm St,September,6,24
casual,Wilton Ave & Belmont Ave,September,6,24
casual,Broadway & Barry Ave,September,1,23
casual,Clark St & Elm St,September,5,23
casual,Halsted St & Roscoe St,September,1,23
casual,Clark St & Elm St,September,1,23
casual,Michigan Ave & Lake St,September,6,23
casual,Lakeview Ave & Fullerton Pkwy,September,1,23
casual,Clarendon Ave & Gordon Ter,September,1,23
casual,Sheridan Rd & Montrose Ave,September,1,23
casual,Indiana Ave & Roosevelt Rd,September,4,23
casual,Columbus Dr & Randolph St,September,7,22
casual,Wilton Ave & Belmont Ave,September,1,22
casual,Sheffield Ave & Waveland Ave,September,1,22
casual,Wells St & Evergreen Ave,September,7,22
casual,Clark St & Lincoln Ave,September,7,22
casual,Dearborn St & Erie St,September,7,21
casual,Wabash Ave & Grand Ave,September,7,21
casual,Rush St & Cedar St,September,7,21
casual,Broadway & Barry Ave,September,6,21
casual,Fairbanks Ct & Grand Ave,September,4,21
casual,Michigan Ave & Oak St,September,6,21
casual,Dearborn St & Erie St,September,4,21
casual,Clark St & Armitage Ave,September,3,21
casual,Clark St & Newport St,September,7,21
casual,Millennium Park,September,6,21
casual,Wabash Ave & Wacker Pl,September,7,21
casual,Montrose Harbor,September,1,21
casual,Wells St & Concord Ln,September,1,21
casual,Larrabee St & Webster Ave,September,6,21
casual,Clark St & Wrightwood Ave,September,7,21
casual,McClurg Ct & Illinois St,September,1,21
casual,Larrabee St & Webster Ave,September,7,21
casual,Wells St & Elm St,September,1,20
casual,Michigan Ave & Washington St,September,5,20
casual,Lake Shore Dr & Wellington Ave,September,1,20
casual,Damen Ave & Pierce Ave,September,7,20
casual,Michigan Ave & Oak St,September,4,20
casual,Wabash Ave & Grand Ave,September,2,20
casual,Indiana Ave & Roosevelt Rd,September,1,20
casual,Lake Shore Dr & Monroe St,September,6,20
casual,Wells St & Concord Ln,September,7,20
casual,Lakefront Trail & Bryn Mawr Ave,September,7,20
casual,Wells St & Elm St,September,5,20
casual,Dearborn St & Erie St,September,1,20
casual,Wells St & Hubbard St,September,7,20
casual,Streeter Dr & Grand Ave,September,2,19
casual,Fairbanks Ct & Grand Ave,September,1,19
casual,Wells St & Evergreen Ave,September,6,19
casual,Clark St & Armitage Ave,September,5,19
casual,Kingsbury St & Kinzie St,September,5,19
casual,Dearborn Pkwy & Delaware Pl,September,7,19
casual,Wells St & Huron St,September,4,19
casual,Dusable Harbor,September,7,19
casual,Wells St & Huron St,September,5,19
casual,Wells St & Concord Ln,September,3,19
casual,McClurg Ct & Illinois St,September,4,19
casual,Theater on the Lake,September,2,19
casual,Clark St & Elm St,September,3,19
casual,Wells St & Evergreen Ave,September,4,19
casual,Morgan St & Lake St,September,7,18
casual,Green St & Randolph St,September,6,18
casual,Morgan St & Lake St,September,6,18
casual,Millennium Park,September,5,18
casual,Lake Shore Dr & Diversey Pkwy,September,6,18
casual,Michigan Ave & Lake St,September,4,18
casual,Milwaukee Ave & Grand Ave,September,4,18
casual,Desplaines St & Kinzie St,September,4,18
casual,McClurg Ct & Illinois St,September,6,18
casual,Southport Ave & Roscoe St,September,7,18
casual,Stockton Dr & Wrightwood Ave,September,1,18
casual,Lincoln Ave & Fullerton Ave,September,1,18
casual,Michigan Ave & Washington St,September,1,18
casual,Michigan Ave & Oak St,September,2,18
casual,Bissell St & Armitage Ave,September,1,18
casual,California Ave & Milwaukee Ave,September,1,18
casual,Desplaines St & Kinzie St,September,1,18
casual,Michigan Ave & Lake St,September,2,18
casual,Buckingham Fountain,September,2,18
casual,Fairbanks Ct & Grand Ave,September,6,18
casual,Wells St & Hubbard St,September,6,18
casual,Wabash Ave & Grand Ave,September,5,18
casual,Adler Planetarium,September,7,18
casual,Rush St & Cedar St,September,4,18
casual,Wabash Ave & Grand Ave,September,4,18
casual,Clark St & Armitage Ave,September,6,17
casual,Lake Shore Dr & Diversey Pkwy,September,1,17
casual,Clark St & Armitage Ave,September,1,17
casual,Peoria St & Jackson Blvd,September,6,17
casual,Clark St & Lincoln Ave,September,3,17
casual,Wabash Ave & Wacker Pl,September,6,17
casual,Clark St & Wrightwood Ave,September,3,17
casual,Wells St & Hubbard St,September,1,17
casual,Larrabee St & Webster Ave,September,4,17
casual,Clark St & Lincoln Ave,September,4,17
casual,Desplaines St & Kinzie St,September,5,17
casual,Green St & Madison St,September,5,17
casual,Clark St & Newport St,September,6,17
casual,Lincoln Park Conservatory,September,1,17
casual,Franklin St & Monroe St,September,4,17
casual,Wabash Ave & Roosevelt Rd,September,4,17
casual,Lake Shore Dr & North Blvd,September,5,17
casual,State St & Randolph St,September,1,17
casual,Clark St & Lincoln Ave,September,1,17
casual,Lake Shore Dr & Ohio St,September,1,17
casual,Kedzie Ave & Milwaukee Ave,September,1,17
casual,Peoria St & Jackson Blvd,September,4,17
casual,State St & Kinzie St,September,6,17
casual,Streeter Dr & Grand Ave,September,6,17
casual,Ashland Ave & Division St,September,7,17
casual,LaSalle St & Illinois St,September,6,17
casual,Damen Ave & Pierce Ave,September,3,17
casual,Dearborn St & Erie St,September,5,17
casual,Columbus Dr & Randolph St,September,2,17
casual,Wabash Ave & Grand Ave,September,1,17
casual,St. Clair St & Erie St,September,4,16
casual,Wabash Ave & Roosevelt Rd,September,6,16
casual,Sedgwick St & Webster Ave,September,4,16
casual,Kedzie Ave & Milwaukee Ave,September,4,16
casual,Broadway & Cornelia Ave,September,6,16
casual,Dearborn Pkwy & Delaware Pl,September,6,16
casual,Halsted St & Roscoe St,September,6,16
casual,Indiana Ave & Roosevelt Rd,September,6,16
casual,Milwaukee Ave & Grand Ave,September,6,16
casual,Dusable Harbor,September,4,16
casual,Mies van der Rohe Way & Chestnut St,September,4,16
casual,Halsted St & Wrightwood Ave,September,7,16
casual,Rush St & Cedar St,September,2,16
casual,Lake Shore Dr & Belmont Ave,September,7,16
casual,Lakeview Ave & Fullerton Pkwy,September,6,16
casual,Lake Shore Dr & Diversey Pkwy,September,7,16
casual,Clark St & Grace St,September,7,16
casual,Rush St & Superior St,September,7,16
casual,Wells St & Huron St,September,7,16
casual,Lake Shore Dr & North Blvd,September,2,16
casual,Sheffield Ave & Webster Ave,September,7,16
casual,Wells St & Concord Ln,September,5,16
casual,Pine Grove Ave & Waveland Ave,September,2,16
casual,Carpenter St & Huron St,September,5,16
casual,Wilton Ave & Diversey Pkwy,September,7,16
casual,St. Clair St & Erie St,September,1,16
casual,Michigan Ave & Lake St,September,5,16
casual,State St & Kinzie St,September,1,16
casual,Dearborn Pkwy & Delaware Pl,September,1,16
casual,Dusable Harbor,September,1,16
casual,Broadway & Barry Ave,September,3,16
casual,Wells St & Evergreen Ave,September,3,16
casual,Broadway & Cornelia Ave,September,7,16
casual,Theater on the Lake,September,6,16
casual,Wells St & Polk St,September,1,16
casual,Theater on the Lake,September,4,16
casual,Buckingham Fountain,September,7,16
casual,Racine Ave & Belmont Ave,September,6,16
casual,Milwaukee Ave & Grand Ave,September,1,16
casual,Green St & Madison St,September,1,16
casual,Wabash Ave & 9th St,September,1,16
casual,Clark St & Grace St,September,1,16
casual,Damen Ave & Pierce Ave,September,4,16
casual,Clark St & Wrightwood Ave,September,4,15
casual,McClurg Ct & Illinois St,September,5,15
casual,Columbus Dr & Randolph St,September,5,15
casual,Wilton Ave & Diversey Pkwy,September,6,15
casual,Kingsbury St & Kinzie St,September,6,15
casual,Wells St & Huron St,September,6,15
casual,Ashland Ave & Division St,September,6,15
casual,Clark St & Lake St,September,6,15
casual,Franklin St & Jackson Blvd,September,7,15
casual,Halsted St & Dickens Ave,September,1,15
casual,Wabash Ave & Wacker Pl,September,1,15
casual,Wabash Ave & 9th St,September,7,15
casual,Kingsbury St & Kinzie St,September,1,15
casual,Stockton Dr & Wrightwood Ave,September,7,15
casual,Michigan Ave & 8th St,September,7,15
casual,Sheridan Rd & Loyola Ave,September,7,15
casual,Wabash Ave & Wacker Pl,September,2,15
casual,Clark St & Wellington Ave,September,7,15
casual,Lake Shore Dr & Monroe St,September,3,15
casual,Fairbanks Ct & Grand Ave,September,3,15
casual,Montrose Harbor,September,3,15
casual,Theater on the Lake,September,3,15
casual,Wabash Ave & Roosevelt Rd,September,3,15
casual,Wells St & Huron St,September,3,15
casual,Michigan Ave & Washington St,September,7,15
casual,Wells St & Elm St,September,3,15
casual,Michigan Ave & Lake St,September,3,15
casual,Bissell St & Armitage Ave,September,7,15
casual,Green St & Randolph St,September,7,15
casual,Ritchie Ct & Banks St,September,7,15
casual,Broadway & Waveland Ave,September,1,15
casual,Kingsbury St & Erie St,September,4,15
casual,Wabash Ave & Roosevelt Rd,September,1,15
casual,Clark St & Schiller St,September,4,15
casual,Morgan St & Lake St,September,4,15
casual,Clark St & Newport St,September,1,15
casual,Clark St & Drummond Pl,September,4,15
casual,Wells St & Huron St,September,1,15
casual,Kingsbury St & Kinzie St,September,4,15
casual,Stockton Dr & Wrightwood Ave,September,4,15
casual,Cottage Grove Ave & Oakwood Blvd,September,4,15
casual,Broadway & Waveland Ave,September,6,15
casual,Sheridan Rd & Montrose Ave,September,4,14
casual,LaSalle St & Illinois St,September,4,14
casual,Clark St & Schiller St,September,6,14
casual,Sheffield Ave & Waveland Ave,September,5,14
casual,Wabash Ave & Grand Ave,September,6,14
casual,Franklin St & Jackson Blvd,September,4,14
casual,State St & Harrison St,September,4,14
casual,Pine Grove Ave & Waveland Ave,September,7,14
casual,Ashland Ave & Division St,September,4,14
casual,Mies van der Rohe Way & Chicago Ave,September,4,14
casual,Millennium Park,September,4,14
casual,Daley Center Plaza,September,6,14
casual,Shedd Aquarium,September,3,14
casual,Broadway & Granville Ave,September,7,14
casual,Wabash Ave & Grand Ave,September,3,14
casual,Desplaines St & Kinzie St,September,7,14
casual,Dearborn Pkwy & Delaware Pl,September,3,14
casual,Clark St & Lincoln Ave,September,5,14
casual,Clark St & Lake St,September,2,14
casual,Dearborn St & Erie St,September,2,14
casual,Fairbanks Ct & Grand Ave,September,2,14
casual,Morgan St & Lake St,September,5,14
casual,Wells St & Elm St,September,2,14
casual,Federal St & Polk St,September,6,14
casual,Clark St & Lincoln Ave,September,2,14
casual,St. Clair St & Erie St,September,2,14
casual,LaSalle St & Illinois St,September,5,14
casual,Dusable Harbor,September,6,14
casual,Lake Shore Dr & Wellington Ave,September,7,14
casual,Wabash Ave & 9th St,September,2,14
casual,Wentworth Ave & Cermak Rd,September,1,14
casual,Clark St & Schiller St,September,5,14
casual,Kedzie Ave & Milwaukee Ave,September,7,14
casual,Mies van der Rohe Way & Chestnut St,September,1,14
casual,Southport Ave & Waveland Ave,September,6,14
casual,Rush St & Superior St,September,5,14
casual,LaSalle St & Illinois St,September,1,14
casual,Kedzie Ave & Milwaukee Ave,September,6,14
casual,Lakeview Ave & Fullerton Pkwy,September,4,14
casual,Desplaines St & Randolph St,September,6,14
casual,Pine Grove Ave & Waveland Ave,September,1,13
casual,Wells St & Evergreen Ave,September,1,13
casual,Southport Ave & Belmont Ave,September,1,13
casual,Broadway & Wilson Ave,September,1,13
casual,Broadway & Argyle St,September,1,13
casual,Morgan St & Lake St,September,1,13
casual,Clark St & Schiller St,September,1,13
casual,Michigan Ave & 8th St,September,1,13
casual,Michigan Ave & Madison St,September,1,13
casual,Stetson Ave & South Water St,September,1,13
casual,State St & Pearson St,September,1,13
casual,Milwaukee Ave & Wabansia Ave,September,1,13
casual,Mies van der Rohe Way & Chicago Ave,September,2,13
casual,State St & Kinzie St,September,2,13
casual,Michigan Ave & Washington St,September,2,13
casual,Wells St & Huron St,September,2,13
casual,Damen Ave & Pierce Ave,September,2,13
casual,Green St & Madison St,September,2,13
casual,Millennium Park,September,2,13
casual,Lake Shore Dr & North Blvd,September,3,13
casual,LaSalle St & Illinois St,September,3,13
casual,Halsted St & Clybourn Ave,September,3,13
casual,Clark St & Drummond Pl,September,3,13
casual,Milwaukee Ave & Grand Ave,September,3,13
casual,Ashland Ave & Division St,September,3,13
casual,Columbus Dr & Randolph St,September,3,13
casual,Wood St & Milwaukee Ave,September,4,13
casual,Pine Grove Ave & Waveland Ave,September,4,13
casual,Sedgwick St & North Ave,September,4,13
casual,Dearborn Pkwy & Delaware Pl,September,4,13
casual,Broadway & Barry Ave,September,4,13
casual,Franklin St & Illinois St,September,4,13
casual,Halsted St & Roscoe St,September,5,13
casual,State St & Randolph St,September,5,13
casual,Broadway & Cornelia Ave,September,5,13
casual,Damen Ave & Pierce Ave,September,5,13
casual,Damen Ave & Pierce Ave,September,6,13
casual,Adler Planetarium,September,6,13
casual,Sheffield Ave & Waveland Ave,September,6,13
casual,St. Clair St & Erie St,September,6,13
casual,Wabash Ave & 9th St,September,6,13
casual,Desplaines St & Kinzie St,September,6,13
casual,Daley Center Plaza,September,7,13
casual,Wood St & Milwaukee Ave,September,7,13
casual,Cityfront Plaza Dr & Pioneer Ct,September,7,13
casual,Southport Ave & Belmont Ave,September,7,13
casual,Broadway & Belmont Ave,September,7,13
casual,Halsted St & Roscoe St,September,7,13
casual,Paulina Ave & North Ave,September,7,13
casual,Montrose Harbor,September,7,13
casual,Clark St & North Ave,September,7,13
casual,Fairbanks Ct & Grand Ave,September,7,13
casual,Honore St & Division St,September,6,12
casual,Clark St & Drummond Pl,September,6,12
casual,Desplaines St & Jackson Blvd,September,6,12
casual,Pine Grove Ave & Waveland Ave,September,5,12
casual,Mies van der Rohe Way & Chicago Ave,September,1,12
casual,State St & Kinzie St,September,5,12
casual,Wilton Ave & Belmont Ave,September,5,12
casual,Lake Shore Dr & Monroe St,September,4,12
casual,Montrose Harbor,September,4,12
casual,Lake Shore Dr & North Blvd,September,4,12
casual,Blackstone Ave & Hyde Park Blvd,September,4,12
casual,Damen Ave & Chicago Ave,September,4,12
casual,Loomis St & Lexington St,September,4,12
casual,Franklin St & Lake St,September,4,12
casual,Damen Ave & Cortland St,September,4,12
casual,California Ave & Milwaukee Ave,September,4,12
casual,State St & Kinzie St,September,4,12
casual,Shore Dr & 55th St,September,1,12
casual,Clinton St & Lake St,September,4,12
casual,LaSalle St & Illinois St,September,7,12
casual,Franklin St & Illinois St,September,7,12
casual,State St & Randolph St,September,7,12
casual,Michigan Ave & Pearson St,September,7,12
casual,Michigan Ave & Madison St,September,7,12
casual,Lake Shore Dr & Ohio St,September,7,12
casual,Racine Ave & Belmont Ave,September,7,12
casual,State St & Kinzie St,September,3,12
casual,Field Blvd & South Water St,September,7,12
casual,Sheffield Ave & Waveland Ave,September,7,12
casual,St. Clair St & Erie St,September,3,12
casual,Lincoln Ave & Diversey Pkwy,September,3,12
casual,Blue Island Ave & 18th St,September,7,12
casual,Millennium Park,September,3,12
casual,Clark St & Chicago Ave,September,7,12
casual,Clark St & Schiller St,September,3,12
casual,Kingsbury St & Kinzie St,September,3,12
casual,Halsted St & Dickens Ave,September,7,12
casual,Ashland Ave & Division St,September,2,12
casual,Wells St & Evergreen Ave,September,2,12
casual,Wabash Ave & Roosevelt Rd,September,7,12
casual,Sheridan Rd & Irving Park Rd,September,2,12
casual,Clark St & Schiller St,September,2,12
casual,Lake Shore Dr & Monroe St,September,2,12
casual,Montrose Harbor,September,2,12
casual,Michigan Ave & Pearson St,September,1,12
casual,Wilton Ave & Belmont Ave,September,2,12
casual,Lake Shore Dr & Belmont Ave,September,2,12
casual,Clark St & Wrightwood Ave,September,2,12
casual,Sheffield Ave & Wellington Ave,September,1,12
casual,Rush St & Cedar St,September,1,12
casual,Federal St & Polk St,September,1,12
casual,Orleans St & Chestnut St (NEXT Apts),September,6,12
casual,Clark St & Lincoln Ave,September,6,12
casual,Sheffield Ave & Webster Ave,September,6,12
casual,Damen Ave & Chicago Ave,September,1,12
casual,Stockton Dr & Wrightwood Ave,September,6,12
casual,Wells St & Evergreen Ave,September,5,12
casual,Franklin St & Illinois St,September,6,12
casual,Greenview Ave & Fullerton Ave,September,1,11
casual,Pine Grove Ave & Irving Park Rd,September,2,11
casual,Clark St & Chicago Ave,September,2,11
casual,Lake Shore Dr & Diversey Pkwy,September,4,11
casual,Franklin St & Lake St,September,2,11
casual,Wabash Ave & 9th St,September,4,11
casual,Indiana Ave & Roosevelt Rd,September,3,11
casual,Streeter Dr & Grand Ave,September,3,11
casual,Milwaukee Ave & Wabansia Ave,September,7,11
casual,Larrabee St & Webster Ave,September,1,11
casual,Lake Shore Dr & Wellington Ave,September,3,11
casual,Michigan Ave & 14th St,September,6,11
casual,Milwaukee Ave & Grand Ave,September,7,11
casual,Sheridan Rd & Buena Ave,September,7,11
casual,Marine Dr & Ainslie St,September,7,11
casual,Field Blvd & South Water St,September,6,11
casual,Sedgwick St & North Ave,September,6,11
casual,Green St & Madison St,September,7,11
casual,Desplaines St & Kinzie St,September,3,11
casual,LaSalle Dr & Huron St,September,6,11
casual,Damen Ave & Division St,September,6,11
casual,Broadway & Waveland Ave,September,5,11
casual,Wilton Ave & Diversey Pkwy,September,5,11
casual,Orleans St & Hubbard St,September,1,11
casual,Clarendon Ave & Junior Ter,September,1,11
casual,Dearborn Pkwy & Delaware Pl,September,5,11
casual,McClurg Ct & Erie St,September,6,11
casual,Daley Center Plaza,September,2,11
casual,Halsted St & Dickens Ave,September,6,11
casual,Wells St & Hubbard St,September,5,11
casual,Clark St & Lake St,September,5,11
casual,Kedzie Ave & Milwaukee Ave,September,5,11
casual,Lake Shore Dr & Diversey Pkwy,September,5,11
casual,Rush St & Cedar St,September,5,11
casual,Green St & Madison St,September,6,11
casual,Fairbanks Ct & Grand Ave,September,5,11
casual,Ogden Ave & Chicago Ave,September,6,11
casual,Shedd Aquarium,September,5,11
casual,Cityfront Plaza Dr & Pioneer Ct,September,1,11
casual,Shedd Aquarium,September,4,11
casual,Clark St & Drummond Pl,September,2,11
casual,Franklin St & Chicago Ave,September,6,11
casual,Wood St & Milwaukee Ave,September,6,11
casual,Mies van der Rohe Way & Chestnut St,September,6,11
casual,Rush St & Superior St,September,6,11
casual,Halsted St & Wrightwood Ave,September,4,11
casual,Wells St & Hubbard St,September,3,11
casual,Federal St & Polk St,September,4,11
casual,Canal St & Adams St,September,4,11
casual,Green St & Randolph St,September,4,11
casual,Lincoln Ave & Belmont Ave,September,4,11
casual,Green St & Randolph St,September,2,11
casual,Rush St & Cedar St,September,3,11
casual,Lakefront Trail & Bryn Mawr Ave,September,2,11
casual,Racine Ave & 18th St,September,4,11
casual,Damen Ave & Thomas St (Augusta Blvd),September,4,11
casual,Ashland Ave & Blackhawk St,September,4,11
casual,Clark St & Wrightwood Ave,September,1,11
casual,Cannon Dr & Fullerton Ave,September,7,11
casual,Sheffield Ave & Waveland Ave,September,2,11
casual,Clark St & Berwyn Ave,September,2,11
casual,Sheridan Rd & Montrose Ave,September,7,11
casual,Clark St & Lake St,September,4,11
casual,Noble St & Milwaukee Ave,September,6,11
casual,Clarendon Ave & Junior Ter,September,4,11
casual,Clark St & Chicago Ave,September,4,11
casual,Wabash Ave & Roosevelt Rd,September,2,11
casual,Leavitt St & Armitage Ave,September,1,11
casual,Federal St & Polk St,September,7,11
casual,Michigan Ave & 14th St,September,4,11
casual,Clark St & Berwyn Ave,September,1,11
casual,Franklin St & Lake St,September,7,11
casual,Broadway & Cornelia Ave,September,1,11
casual,LaSalle Dr & Huron St,September,4,11
member,Broadway & Barry Ave,December,3,42
member,Broadway & Barry Ave,December,4,32
member,LaSalle St & Washington St,December,3,30
member,Broadway & Barry Ave,December,5,29
member,LaSalle St & Washington St,December,4,28
member,Broadway & Barry Ave,December,2,27
member,Loomis St & Lexington St,December,3,27
member,Michigan Ave & Lake St,December,4,26
member,Clark St & Randolph St,December,3,25
member,Loomis St & Lexington St,December,5,24
member,Broadway & Barry Ave,December,6,24
member,Broadway & Barry Ave,December,7,24
member,Green St & Madison St,December,5,23
member,Michigan Ave & Lake St,December,2,23
member,LaSalle St & Washington St,December,2,22
member,Clark St & Randolph St,December,2,22
member,LaSalle St & Washington St,December,5,22
member,Lincoln Ave & Roscoe St,December,5,21
member,Broadway & Barry Ave,December,1,20
member,LaSalle St & Jackson Blvd,December,4,20
member,Loomis St & Lexington St,December,4,20
member,LaSalle St & Jackson Blvd,December,3,20
member,Michigan Ave & Lake St,December,5,20
member,Loomis St & Lexington St,December,2,19
member,LaSalle St & Jackson Blvd,December,5,19
member,Sheffield Ave & Wellington Ave,December,4,19
member,Larrabee St & Oak St,December,4,19
member,Burnham Harbor,December,1,19
member,Larrabee St & Oak St,December,2,19
member,Clark St & Randolph St,December,4,19
member,Halsted St & Polk St,December,3,18
member,Green St & Madison St,December,7,18
member,Green St & Madison St,December,6,18
member,Broadway & Wilson Ave,December,1,17
member,McClurg Ct & Erie St,December,3,17
member,Clark St & Randolph St,December,5,17
member,Green St & Madison St,December,1,17
member,Ravenswood Ave & Lawrence Ave,December,4,16
member,Clark St & Elm St,December,3,16
member,McClurg Ct & Erie St,December,4,16
member,Green St & Madison St,December,3,16
member,Daley Center Plaza,December,3,16
member,Wacker Dr & Washington St,December,5,16
member,Daley Center Plaza,December,5,15
member,Sheffield Ave & Wellington Ave,December,3,15
member,Mies van der Rohe Way & Chestnut St,December,2,15
member,Michigan Ave & Lake St,December,3,15
member,Larrabee St & Oak St,December,3,15
member,Ada St & Washington Blvd,December,3,15
member,Clark St & Elm St,December,6,15
member,LaSalle St & Washington St,December,6,15
member,Daley Center Plaza,December,4,14
member,McClurg Ct & Erie St,December,2,14
member,LaSalle St & Jackson Blvd,December,6,14
member,Clark St & Winnemac Ave,December,3,14
member,Wacker Dr & Washington St,December,3,14
member,Halsted St & Polk St,December,4,14
member,Broadway & Wilson Ave,December,5,14
member,Sheffield Ave & Wellington Ave,December,2,13
member,Mies van der Rohe Way & Chestnut St,December,4,13
member,Throop St & Taylor St,December,4,13
member,Michigan Ave & Lake St,December,1,13
member,Wacker Dr & Washington St,December,6,13
member,Ada St & Washington Blvd,December,4,13
member,Loomis St & Lexington St,December,6,13
member,Loomis St & Lexington St,December,1,13
member,Clark St & Elm St,December,2,13
member,Sheffield Ave & Wellington Ave,December,5,13
member,Green St & Madison St,December,4,13
member,Damen Ave & Thomas St (Augusta Blvd),December,3,13
member,Clark St & Winnemac Ave,December,5,13
member,Clark St & Elm St,December,4,13
member,Daley Center Plaza,December,2,12
member,Paulina St & Flournoy St,December,2,12
member,LaSalle St & Jackson Blvd,December,2,12
member,Western Ave & Leland Ave,December,4,12
member,Clark St & Lake St,December,4,12
member,Desplaines St & Kinzie St,December,4,12
member,Throop St & Taylor St,December,3,12
member,Clark St & Winnemac Ave,December,1,12
member,Kingsbury St & Kinzie St,December,4,12
member,McClurg Ct & Erie St,December,5,12
member,Larrabee St & Oak St,December,5,12
member,Michigan Ave & Lake St,December,6,12
member,Halsted St & Polk St,December,6,12
member,Daley Center Plaza,December,7,12
member,Clark St & Elm St,December,7,12
member,Burnham Harbor,December,7,12
member,Wacker Dr & Washington St,December,4,11
member,Ada St & Washington Blvd,December,2,11
member,Green St & Madison St,December,2,11
member,Clark St & Lake St,December,3,11
member,Wacker Dr & Washington St,December,2,11
member,Halsted St & Polk St,December,7,11
member,Dayton St & North Ave,December,4,11
member,Mies van der Rohe Way & Chestnut St,December,1,11
member,Loomis St & Lexington St,December,7,11
member,Adler Planetarium,December,5,11
member,Larrabee St & Oak St,December,6,11
member,Kingsbury St & Kinzie St,December,6,11
member,Rush St & Hubbard St,January,5,18
member,LaSalle Dr & Huron St,January,6,12
member,University Ave & 57th St,January,4,11
member,Rush St & Hubbard St,January,2,11
member,Indiana Ave & Roosevelt Rd,January,6,11
member,Michigan Ave & 8th St,January,4,11
member,Broadway & Barry Ave,July,6,16
member,Theater on the Lake,July,5,15
member,Lakefront Trail & Bryn Mawr Ave,July,7,15
member,Mies van der Rohe Way & Chicago Ave,July,4,15
member,Clark St & Lincoln Ave,July,7,14
member,McClurg Ct & Illinois St,July,4,14
member,Lake Shore Dr & North Blvd,July,5,14
member,Kingsbury St & Erie St,July,7,14
member,Theater on the Lake,July,6,13
member,Dearborn St & Erie St,July,6,13
member,Broadway & Barry Ave,July,5,13
member,Dearborn Pkwy & Delaware Pl,July,4,13
member,Daley Center Plaza,July,2,12
member,McClurg Ct & Erie St,July,2,12
member,Burnham Harbor,July,4,12
member,Theater on the Lake,July,2,12
member,Kingsbury St & Erie St,July,5,12
member,Theater on the Lake,July,7,12
member,Clark St & Elm St,July,6,11
member,Burnham Harbor,July,6,11
member,Burnham Harbor,July,7,11
member,Halsted St & Roscoe St,July,7,11
member,Kingsbury St & Erie St,July,3,11
member,Clark St & Schiller St,July,4,11
member,St. Clair St & Erie St,July,4,11
member,Lakefront Trail & Bryn Mawr Ave,July,4,11
member,Clark St & Wrightwood Ave,July,3,11
member,Lake Shore Dr & Wellington Ave,July,4,11
member,Southport Ave & Waveland Ave,July,5,11
member,Wells St & Concord Ln,July,5,11
member,Adler Planetarium,July,1,11
member,Pine Grove Ave & Waveland Ave,July,5,11
member,Dearborn Pkwy & Delaware Pl,July,5,11
member,Broadway & Waveland Ave,July,5,11
member,Lake Shore Dr & Wellington Ave,July,6,11
member,Racine Ave & Fullerton Ave,June,5,19
member,Lake Shore Dr & Diversey Pkwy,June,1,18
member,Racine Ave & Fullerton Ave,June,6,15
member,Lake Shore Dr & Diversey Pkwy,June,5,14
member,Wells St & Concord Ln,June,1,13
member,Racine Ave & Fullerton Ave,June,1,13
member,Wells St & Evergreen Ave,June,5,12
member,Wells St & Evergreen Ave,June,2,12
member,Wells St & Evergreen Ave,June,4,12
member,Racine Ave & Fullerton Ave,June,4,11
member,Sheffield Ave & Wellington Ave,June,5,11
member,Lake Shore Dr & Diversey Pkwy,June,3,11
member,Lakefront Trail & Bryn Mawr Ave,June,5,11
member,Theater on the Lake,June,5,11
member,Larrabee St & Webster Ave,June,1,11
member,Lake Shore Dr & Wellington Ave,June,1,11
member,Dearborn Pkwy & Delaware Pl,June,1,11
member,Lake Shore Dr & Wellington Ave,June,6,11
member,Lake Shore Dr & Diversey Pkwy,June,7,11
member,Rush St & Hubbard St,June,3,11
member,Wabash Ave & Grand Ave,May,4,29
member,Wabash Ave & Grand Ave,May,5,25
member,Wabash Ave & Grand Ave,May,6,25
member,Green St & Randolph St,May,7,22
member,Wabash Ave & Grand Ave,May,2,16
member,Dearborn St & Erie St,May,6,15
member,Wabash Ave & Grand Ave,May,3,15
member,Wabash Ave & Grand Ave,May,7,14
member,Dearborn St & Erie St,May,5,13
member,Cottage Grove Ave & 51st St,May,7,12
member,Dearborn St & Erie St,May,7,12
member,Fairbanks Ct & Grand Ave,May,4,11
